date,index_value,source
2023-11-06,1500.0,synthetic
2023-11-07,1505.5,synthetic
2023-11-08,1486.5,synthetic
2023-11-09,1500.7,synthetic
2023-11-10,1517.6,synthetic
2023-11-13,1481.6,synthetic
2023-11-14,1459.1,synthetic
2023-11-15,1463.4,synthetic
2023-11-16,1459.5,synthetic
2023-11-17,1461.3,synthetic
2023-11-20,1447.8,synthetic
2023-11-21,1466.3,synthetic
2023-11-22,1482.0,synthetic
2023-11-23,1484.1,synthetic
2023-11-24,1505.1,synthetic
2023-11-27,1513.3,synthetic
2023-11-28,1497.2,synthetic
2023-11-29,1503.9,synthetic
2023-11-30,1486.5,synthetic
2023-12-01,1503.0,synthetic
2023-12-04,1501.9,synthetic
2023-12-05,1498.5,synthetic
2023-12-06,1486.3,synthetic
2023-12-07,1509.0,synthetic
2023-12-08,1505.8,synthetic
2023-12-11,1497.8,synthetic
2023-12-12,1491.6,synthetic
2023-12-13,1501.6,synthetic
2023-12-14,1508.1,synthetic
2023-12-15,1515.1,synthetic
2023-12-18,1522.1,synthetic
2023-12-19,1559.5,synthetic
2023-12-20,1549.2,synthetic
2023-12-21,1537.6,synthetic
2023-12-22,1521.0,synthetic
2023-12-25,1531.1,synthetic
2023-12-26,1549.8,synthetic
2023-12-27,1545.3,synthetic
2023-12-28,1527.9,synthetic
2023-12-29,1511.7,synthetic
2024-01-01,1522.8,synthetic
2024-01-02,1535.0,synthetic
2024-01-03,1543.1,synthetic
2024-01-04,1528.9,synthetic
2024-01-05,1531.7,synthetic
2024-01-08,1532.2,synthetic
2024-01-09,1534.5,synthetic
2024-01-10,1548.5,synthetic
2024-01-11,1550.1,synthetic
2024-01-12,1559.8,synthetic
2024-01-15,1558.0,synthetic
2024-01-16,1560.3,synthetic
2024-01-17,1568.7,synthetic
2024-01-18,1539.0,synthetic
2024-01-19,1531.3,synthetic
2024-01-22,1521.3,synthetic
2024-01-23,1508.7,synthetic
2024-01-24,1503.3,synthetic
2024-01-25,1530.1,synthetic
2024-01-26,1513.0,synthetic
2024-01-29,1529.8,synthetic
2024-01-30,1498.0,synthetic
2024-01-31,1492.0,synthetic
2024-02-01,1495.4,synthetic
2024-02-02,1506.2,synthetic
2024-02-05,1518.6,synthetic
2024-02-06,1532.0,synthetic
2024-02-07,1524.1,synthetic
2024-02-08,1514.6,synthetic
2024-02-09,1529.3,synthetic
2024-02-12,1524.4,synthetic
2024-02-13,1500.2,synthetic
2024-02-14,1479.8,synthetic
2024-02-15,1464.3,synthetic
2024-02-16,1475.0,synthetic
2024-02-19,1478.8,synthetic
2024-02-20,1492.3,synthetic
2024-02-21,1485.0,synthetic
2024-02-22,1488.6,synthetic
2024-02-23,1500.4,synthetic
2024-02-26,1494.8,synthetic
2024-02-27,1503.3,synthetic
2024-02-28,1491.2,synthetic
2024-02-29,1485.1,synthetic
2024-03-01,1479.0,synthetic
2024-03-04,1458.5,synthetic
2024-03-05,1469.4,synthetic
2024-03-06,1462.5,synthetic
2024-03-07,1464.6,synthetic
2024-03-08,1475.0,synthetic
2024-03-11,1484.3,synthetic
2024-03-12,1497.0,synthetic
2024-03-13,1495.4,synthetic
2024-03-14,1488.0,synthetic
2024-03-15,1487.2,synthetic
2024-03-18,1457.5,synthetic
2024-03-19,1433.5,synthetic
2024-03-20,1413.0,synthetic
2024-03-21,1399.4,synthetic
2024-03-22,1411.7,synthetic
2024-03-25,1399.8,synthetic
2024-03-26,1398.0,synthetic
2024-03-27,1426.5,synthetic
2024-03-28,1423.7,synthetic
2024-03-29,1440.8,synthetic
2024-04-01,1427.0,synthetic
2024-04-02,1426.9,synthetic
2024-04-03,1413.5,synthetic
2024-04-04,1411.7,synthetic
2024-04-05,1431.3,synthetic
2024-04-08,1403.6,synthetic
2024-04-09,1416.2,synthetic
2024-04-10,1424.7,synthetic
2024-04-11,1417.8,synthetic
2024-04-12,1395.9,synthetic
2024-04-15,1402.4,synthetic
2024-04-16,1397.7,synthetic
2024-04-17,1407.0,synthetic
2024-04-18,1412.1,synthetic
2024-04-19,1445.3,synthetic
2024-04-22,1443.7,synthetic
2024-04-23,1428.1,synthetic
2024-04-24,1434.9,synthetic
2024-04-25,1442.1,synthetic
2024-04-26,1469.5,synthetic
2024-04-29,1486.1,synthetic
2024-04-30,1493.2,synthetic
2024-05-01,1519.9,synthetic
2024-05-02,1497.5,synthetic
2024-05-03,1486.1,synthetic
2024-05-06,1470.1,synthetic
2024-05-07,1464.6,synthetic
2024-05-08,1441.6,synthetic
2024-05-09,1455.9,synthetic
2024-05-10,1454.1,synthetic
2024-05-13,1429.9,synthetic
2024-05-14,1415.2,synthetic
2024-05-15,1425.1,synthetic
2024-05-16,1443.9,synthetic
2024-05-17,1482.6,synthetic
2024-05-20,1535.9,synthetic
2024-05-21,1541.6,synthetic
2024-05-22,1521.7,synthetic
2024-05-23,1482.3,synthetic
2024-05-24,1488.0,synthetic
2024-05-27,1473.9,synthetic
2024-05-28,1467.8,synthetic
2024-05-29,1458.4,synthetic
2024-05-30,1457.9,synthetic
2024-05-31,1479.2,synthetic
2024-06-03,1483.1,synthetic
2024-06-04,1481.1,synthetic
2024-06-05,1463.4,synthetic
2024-06-06,1435.0,synthetic
2024-06-07,1429.5,synthetic
2024-06-10,1432.1,synthetic
2024-06-11,1467.3,synthetic
2024-06-12,1471.3,synthetic
2024-06-13,1490.4,synthetic
2024-06-14,1481.9,synthetic
2024-06-17,1461.5,synthetic
2024-06-18,1446.0,synthetic
2024-06-19,1435.7,synthetic
2024-06-20,1477.2,synthetic
2024-06-21,1463.6,synthetic
2024-06-24,1480.5,synthetic
2024-06-25,1465.2,synthetic
2024-06-26,1483.7,synthetic
2024-06-27,1491.5,synthetic
2024-06-28,1489.1,synthetic
2024-07-01,1488.9,synthetic
2024-07-02,1477.6,synthetic
2024-07-03,1486.8,synthetic
2024-07-04,1479.3,synthetic
2024-07-05,1458.2,synthetic
2024-07-08,1437.3,synthetic
2024-07-09,1443.6,synthetic
2024-07-10,1474.8,synthetic
2024-07-11,1478.9,synthetic
2024-07-12,1477.9,synthetic
2024-07-15,1484.1,synthetic
2024-07-16,1508.4,synthetic
2024-07-17,1511.9,synthetic
2024-07-18,1504.0,synthetic
2024-07-19,1523.7,synthetic
2024-07-22,1530.2,synthetic
2024-07-23,1556.3,synthetic
2024-07-24,1556.8,synthetic
2024-07-25,1531.9,synthetic
2024-07-26,1505.7,synthetic
2024-07-29,1535.1,synthetic
2024-07-30,1564.4,synthetic
2024-07-31,1558.0,synthetic
2024-08-01,1548.2,synthetic
2024-08-02,1572.1,synthetic
2024-08-05,1548.5,synthetic
2024-08-06,1530.0,synthetic
2024-08-07,1540.1,synthetic
2024-08-08,1531.0,synthetic
2024-08-09,1529.3,synthetic
2024-08-12,1524.9,synthetic
2024-08-13,1529.8,synthetic
2024-08-14,1553.6,synthetic
2024-08-15,1552.6,synthetic
2024-08-16,1561.5,synthetic
2024-08-19,1521.5,synthetic
2024-08-20,1519.6,synthetic
2024-08-21,1503.4,synthetic
2024-08-22,1481.3,synthetic
2024-08-23,1466.4,synthetic
2024-08-26,1462.1,synthetic
2024-08-27,1480.5,synthetic
2024-08-28,1457.6,synthetic
2024-08-29,1460.3,synthetic
2024-08-30,1453.5,synthetic
2024-09-02,1450.0,synthetic
2024-09-03,1470.5,synthetic
2024-09-04,1481.7,synthetic
2024-09-05,1506.7,synthetic
2024-09-06,1503.5,synthetic
2024-09-09,1490.8,synthetic
2024-09-10,1487.3,synthetic
2024-09-11,1492.3,synthetic
2024-09-12,1495.8,synthetic
2024-09-13,1476.5,synthetic
2024-09-16,1479.3,synthetic
2024-09-17,1484.5,synthetic
2024-09-18,1530.6,synthetic
2024-09-19,1562.8,synthetic
2024-09-20,1544.3,synthetic
2024-09-23,1536.9,synthetic
2024-09-24,1508.7,synthetic
2024-09-25,1497.7,synthetic
2024-09-26,1503.5,synthetic
2024-09-27,1525.0,synthetic
2024-09-30,1510.6,synthetic
2024-10-01,1498.3,synthetic
2024-10-02,1459.8,synthetic
2024-10-03,1458.8,synthetic
2024-10-04,1441.8,synthetic
2024-10-07,1435.2,synthetic
2024-10-08,1422.6,synthetic
2024-10-09,1424.8,synthetic
2024-10-10,1396.9,synthetic
2024-10-11,1375.7,synthetic
2024-10-14,1420.2,synthetic
2024-10-15,1401.0,synthetic
2024-10-16,1386.2,synthetic
2024-10-17,1425.0,synthetic
2024-10-18,1481.0,synthetic
2024-10-21,1460.9,synthetic
2024-10-22,1456.2,synthetic
2024-10-23,1464.5,synthetic
2024-10-24,1497.4,synthetic
2024-10-25,1479.8,synthetic
2024-10-28,1476.4,synthetic
2024-10-29,1491.6,synthetic
2024-10-30,1499.8,synthetic
2024-10-31,1493.1,synthetic
2024-11-01,1491.0,synthetic
2024-11-04,1466.7,synthetic
2024-11-05,1464.1,synthetic
2024-11-06,1461.1,synthetic
2024-11-07,1467.2,synthetic
2024-11-08,1458.8,synthetic
2024-11-11,1469.4,synthetic
2024-11-12,1489.1,synthetic
2024-11-13,1492.5,synthetic
2024-11-14,1499.2,synthetic
2024-11-15,1500.2,synthetic
2024-11-18,1500.2,synthetic
2024-11-19,1487.2,synthetic
2024-11-20,1493.5,synthetic
2024-11-21,1492.1,synthetic
2024-11-22,1530.2,synthetic
2024-11-25,1557.0,synthetic
2024-11-26,1561.1,synthetic
2024-11-27,1544.3,synthetic
2024-11-28,1522.1,synthetic
2024-11-29,1542.4,synthetic
2024-12-02,1545.0,synthetic
2024-12-03,1551.4,synthetic
2024-12-04,1517.4,synthetic
2024-12-05,1533.2,synthetic
2024-12-06,1539.8,synthetic
2024-12-09,1517.8,synthetic
2024-12-10,1508.4,synthetic
2024-12-11,1512.7,synthetic
2024-12-12,1513.0,synthetic
2024-12-13,1507.1,synthetic
2024-12-16,1504.9,synthetic
2024-12-17,1500.1,synthetic
2024-12-18,1502.9,synthetic
2024-12-19,1529.2,synthetic
2024-12-20,1481.6,synthetic
2024-12-23,1478.2,synthetic
2024-12-24,1482.5,synthetic
2024-12-25,1488.7,synthetic
2024-12-26,1482.6,synthetic
2024-12-27,1451.8,synthetic
2024-12-30,1460.1,synthetic
2024-12-31,1493.2,synthetic
2025-01-01,1465.9,synthetic
2025-01-02,1483.2,synthetic
2025-01-03,1478.1,synthetic
2025-01-06,1478.1,synthetic
2025-01-07,1460.2,synthetic
2025-01-08,1456.2,synthetic
2025-01-09,1481.8,synthetic
2025-01-10,1493.2,synthetic
2025-01-13,1524.7,synthetic
2025-01-14,1544.7,synthetic
2025-01-15,1550.4,synthetic
2025-01-16,1579.2,synthetic
2025-01-17,1583.2,synthetic
2025-01-20,1593.9,synthetic
2025-01-21,1583.9,synthetic
2025-01-22,1580.9,synthetic
2025-01-23,1564.3,synthetic
2025-01-24,1578.9,synthetic
2025-01-27,1553.7,synthetic
2025-01-28,1565.1,synthetic
2025-01-29,1558.4,synthetic
2025-01-30,1576.6,synthetic
2025-01-31,1586.3,synthetic
2025-02-03,1614.7,synthetic
2025-02-04,1622.2,synthetic
2025-02-05,1587.8,synthetic
2025-02-06,1582.2,synthetic
2025-02-07,1557.0,synthetic
2025-02-10,1544.8,synthetic
2025-02-11,1569.7,synthetic
2025-02-12,1577.7,synthetic
2025-02-13,1561.3,synthetic
2025-02-14,1540.0,synthetic
2025-02-17,1538.5,synthetic
2025-02-18,1514.7,synthetic
2025-02-19,1501.9,synthetic
2025-02-20,1507.4,synthetic
2025-02-21,1527.8,synthetic
2025-02-24,1537.4,synthetic
2025-02-25,1494.3,synthetic
2025-02-26,1500.1,synthetic
2025-02-27,1501.4,synthetic
2025-02-28,1508.7,synthetic
2025-03-03,1537.4,synthetic
2025-03-04,1498.4,synthetic
2025-03-05,1487.8,synthetic
2025-03-06,1499.1,synthetic
2025-03-07,1470.6,synthetic
2025-03-10,1498.7,synthetic
2025-03-11,1505.4,synthetic
2025-03-12,1520.3,synthetic
2025-03-13,1509.1,synthetic
2025-03-14,1523.3,synthetic
2025-03-17,1541.3,synthetic
2025-03-18,1543.4,synthetic
2025-03-19,1545.5,synthetic
2025-03-20,1548.1,synthetic
2025-03-21,1530.1,synthetic
2025-03-24,1526.0,synthetic
2025-03-25,1521.9,synthetic
2025-03-26,1527.7,synthetic
2025-03-27,1544.3,synthetic
2025-03-28,1523.1,synthetic
2025-03-31,1519.7,synthetic
2025-04-01,1545.4,synthetic
2025-04-02,1529.7,synthetic
2025-04-03,1513.4,synthetic
2025-04-04,1516.4,synthetic
2025-04-07,1530.8,synthetic
2025-04-08,1529.4,synthetic
2025-04-09,1551.9,synthetic
2025-04-10,1564.7,synthetic
2025-04-11,1576.6,synthetic
2025-04-14,1582.8,synthetic
2025-04-15,1620.5,synthetic
2025-04-16,1610.8,synthetic
2025-04-17,1569.2,synthetic
2025-04-18,1594.6,synthetic
2025-04-21,1581.7,synthetic
2025-04-22,1579.5,synthetic
2025-04-23,1599.1,synthetic
2025-04-24,1565.3,synthetic
2025-04-25,1539.5,synthetic
2025-04-28,1508.7,synthetic
2025-04-29,1494.0,synthetic
2025-04-30,1502.2,synthetic
2025-05-01,1511.5,synthetic
2025-05-02,1515.9,synthetic
2025-05-05,1489.7,synthetic
2025-05-06,1448.6,synthetic
2025-05-07,1452.2,synthetic
2025-05-08,1446.1,synthetic
2025-05-09,1457.0,synthetic
2025-05-12,1471.8,synthetic
2025-05-13,1475.7,synthetic
2025-05-14,1490.6,synthetic
2025-05-15,1495.2,synthetic
2025-05-16,1505.0,synthetic
2025-05-19,1492.1,synthetic
2025-05-20,1489.2,synthetic
2025-05-21,1493.3,synthetic
2025-05-22,1508.4,synthetic
2025-05-23,1500.9,synthetic
2025-05-26,1510.2,synthetic
2025-05-27,1504.9,synthetic
2025-05-28,1502.6,synthetic
2025-05-29,1517.4,synthetic
2025-05-30,1480.6,synthetic
2025-06-02,1458.3,synthetic
2025-06-03,1433.7,synthetic
2025-06-04,1395.0,synthetic
2025-06-05,1388.0,synthetic
2025-06-06,1407.1,synthetic
2025-06-09,1406.6,synthetic
2025-06-10,1414.9,synthetic
2025-06-11,1438.7,synthetic
2025-06-12,1465.7,synthetic
2025-06-13,1466.2,synthetic
2025-06-16,1492.2,synthetic
2025-06-17,1494.3,synthetic
2025-06-18,1479.5,synthetic
2025-06-19,1469.8,synthetic
2025-06-20,1444.7,synthetic
2025-06-23,1431.4,synthetic
2025-06-24,1428.4,synthetic
2025-06-25,1446.5,synthetic
2025-06-26,1480.1,synthetic
2025-06-27,1456.2,synthetic
2025-06-30,1465.5,synthetic
2025-07-01,1448.5,synthetic
2025-07-02,1459.6,synthetic
2025-07-03,1459.3,synthetic
2025-07-04,1428.3,synthetic
2025-07-07,1448.6,synthetic
2025-07-08,1440.3,synthetic
2025-07-09,1433.7,synthetic
2025-07-10,1417.8,synthetic
2025-07-11,1410.1,synthetic
2025-07-14,1422.3,synthetic
2025-07-15,1422.8,synthetic
2025-07-16,1432.5,synthetic
2025-07-17,1442.4,synthetic
2025-07-18,1469.1,synthetic
2025-07-21,1464.5,synthetic
2025-07-22,1439.7,synthetic
2025-07-23,1461.9,synthetic
2025-07-24,1457.8,synthetic
2025-07-25,1480.0,synthetic
2025-07-28,1487.9,synthetic
2025-07-29,1486.1,synthetic
2025-07-30,1493.1,synthetic
2025-07-31,1528.6,synthetic
2025-08-01,1564.5,synthetic
2025-08-04,1562.5,synthetic
2025-08-05,1562.3,synthetic
2025-08-06,1578.6,synthetic
2025-08-07,1559.4,synthetic
2025-08-08,1562.4,synthetic
2025-08-11,1558.8,synthetic
2025-08-12,1561.6,synthetic
2025-08-13,1543.5,synthetic
2025-08-14,1512.7,synthetic
2025-08-15,1474.7,synthetic
2025-08-18,1455.9,synthetic
2025-08-19,1449.8,synthetic
2025-08-20,1447.1,synthetic
2025-08-21,1484.6,synthetic
2025-08-22,1505.3,synthetic
2025-08-25,1487.7,synthetic
2025-08-26,1494.6,synthetic
2025-08-27,1487.5,synthetic
2025-08-28,1483.0,synthetic
2025-08-29,1487.2,synthetic
2025-09-01,1499.0,synthetic
2025-09-02,1492.9,synthetic
2025-09-03,1512.4,synthetic
2025-09-04,1491.3,synthetic
2025-09-05,1491.8,synthetic
2025-09-08,1539.0,synthetic
2025-09-09,1541.0,synthetic
2025-09-10,1564.8,synthetic
2025-09-11,1563.2,synthetic
2025-09-12,1570.5,synthetic
2025-09-15,1565.9,synthetic
2025-09-16,1559.6,synthetic
2025-09-17,1542.6,synthetic
2025-09-18,1548.2,synthetic
2025-09-19,1530.4,synthetic
2025-09-22,1540.9,synthetic
2025-09-23,1558.4,synthetic
2025-09-24,1562.1,synthetic
2025-09-25,1553.8,synthetic
2025-09-26,1559.3,synthetic
2025-09-29,1550.8,synthetic
2025-09-30,1565.1,synthetic
2025-10-01,1528.9,synthetic
2025-10-02,1521.4,synthetic
2025-10-03,1484.5,synthetic
2025-10-06,1458.3,synthetic
2025-10-07,1485.0,synthetic
2025-10-08,1501.8,synthetic
2025-10-09,1488.8,synthetic
2025-10-10,1462.3,synthetic
2025-10-13,1410.8,synthetic
2025-10-14,1405.5,synthetic
2025-10-15,1453.8,synthetic
2025-10-16,1463.9,synthetic
2025-10-17,1455.7,synthetic
2025-10-20,1466.3,synthetic
2025-10-21,1439.8,synthetic
2025-10-22,1437.5,synthetic
2025-10-23,1442.4,synthetic
2025-10-24,1443.7,synthetic
2025-10-27,1460.8,synthetic
2025-10-28,1469.0,synthetic
2025-10-29,1482.5,synthetic
2025-10-30,1471.0,synthetic
2025-10-31,1488.6,synthetic
2025-11-03,1518.5,synthetic
2025-11-04,1500.1,synthetic
2025-11-05,1484.1,synthetic
2025-11-06,1509.0,synthetic
2025-11-07,1505.1,synthetic
2025-11-10,1530.1,synthetic
2025-11-11,1520.6,synthetic
2025-11-12,1545.8,synthetic
2025-11-13,1545.9,synthetic
2025-11-14,1548.2,synthetic
2025-11-17,1574.0,synthetic
2025-11-18,1563.8,synthetic
2025-11-19,1543.6,synthetic
2025-11-20,1533.4,synthetic
2025-11-21,1539.9,synthetic
2025-11-24,1509.7,synthetic
2025-11-25,1520.7,synthetic
2025-11-26,1509.9,synthetic
2025-11-27,1530.1,synthetic
2025-11-28,1485.5,synthetic
2025-12-01,1472.1,synthetic
2025-12-02,1443.1,synthetic
2025-12-03,1431.1,synthetic
2025-12-04,1439.0,synthetic
2025-12-05,1438.8,synthetic
2025-12-08,1437.3,synthetic
2025-12-09,1437.6,synthetic
2025-12-10,1444.4,synthetic
2025-12-11,1429.0,synthetic
2025-12-12,1445.3,synthetic
2025-12-15,1459.9,synthetic
2025-12-16,1468.9,synthetic
2025-12-17,1480.4,synthetic
2025-12-18,1486.7,synthetic
2025-12-19,1524.0,synthetic
2025-12-22,1521.3,synthetic
2025-12-23,1514.7,synthetic
2025-12-24,1500.4,synthetic
2025-12-25,1481.8,synthetic
2025-12-26,1460.3,synthetic
2025-12-29,1446.3,synthetic
2025-12-30,1447.7,synthetic
2025-12-31,1456.3,synthetic
2026-01-01,1459.4,synthetic
2026-01-02,1447.7,synthetic
2026-01-05,1466.5,synthetic
2026-01-06,1481.5,synthetic
2026-01-07,1479.5,synthetic
2026-01-08,1468.8,synthetic
2026-01-09,1480.2,synthetic
2026-01-12,1484.6,synthetic
2026-01-13,1459.3,synthetic
2026-01-14,1460.1,synthetic
2026-01-15,1466.8,synthetic
2026-01-16,1452.3,synthetic
2026-01-19,1458.1,synthetic
2026-01-20,1434.0,synthetic
2026-01-21,1461.4,synthetic
2026-01-22,1485.8,synthetic
2026-01-23,1481.9,synthetic
2026-01-26,1489.4,synthetic
2026-01-27,1446.5,synthetic
2026-01-28,1428.4,synthetic
2026-01-29,1426.7,synthetic
2026-01-30,1411.0,synthetic
2026-02-02,1428.3,synthetic
2026-02-03,1467.9,synthetic
2026-02-04,1448.3,synthetic
2026-02-05,1435.8,synthetic
2026-02-06,1443.3,synthetic
2026-02-09,1475.1,synthetic
2026-02-10,1454.3,synthetic
2026-02-11,1461.1,synthetic
2026-02-12,1495.8,synthetic
2026-02-13,1466.3,synthetic
2026-02-16,1444.9,synthetic
2026-02-17,1440.1,synthetic
2026-02-18,1433.7,synthetic
2026-02-19,1451.6,synthetic
2026-02-20,1458.4,synthetic
2026-02-23,1428.5,synthetic
2026-02-24,1441.4,synthetic
2026-02-25,1433.9,synthetic
2026-02-26,1460.2,synthetic
2026-02-27,1450.9,synthetic
2026-03-02,1441.9,synthetic
2026-03-03,1454.5,synthetic
2026-03-04,1470.5,synthetic
2026-03-05,1480.1,synthetic
2026-03-06,1450.7,synthetic
2026-03-09,1462.9,synthetic
2026-03-10,1446.1,synthetic
2026-03-11,1453.0,synthetic
2026-03-12,1429.7,synthetic
2026-03-13,1441.3,synthetic
2026-03-16,1429.7,synthetic
2026-03-17,1410.1,synthetic
2026-03-18,1427.5,synthetic
2026-03-19,1435.5,synthetic
2026-03-20,1427.6,synthetic
2026-03-23,1457.4,synthetic
2026-03-24,1451.6,synthetic
2026-03-25,1454.6,synthetic
2026-03-26,1461.7,synthetic
2026-03-27,1452.4,synthetic
2026-03-30,1463.3,synthetic
2026-03-31,1455.5,synthetic
2026-04-01,1450.3,synthetic
2026-04-02,1477.4,synthetic
2026-04-03,1459.8,synthetic
2026-04-06,1418.3,synthetic
2026-04-07,1451.4,synthetic
2026-04-08,1499.7,synthetic
2026-04-09,1492.5,synthetic
2026-04-10,1458.0,synthetic
2026-04-13,1454.5,synthetic
2026-04-14,1451.6,synthetic
2026-04-15,1450.6,synthetic
2026-04-16,1433.0,synthetic
2026-04-17,1446.8,synthetic
2026-04-20,1458.9,synthetic
2026-04-21,1434.1,synthetic
2026-04-22,1450.0,synthetic
2026-04-23,1489.4,synthetic
2026-04-24,1493.0,synthetic
2026-04-27,1487.3,synthetic
2026-04-28,1485.4,synthetic
2026-04-29,1497.2,synthetic
2026-04-30,1466.2,synthetic
2026-05-01,1470.8,synthetic
2026-05-04,1465.3,synthetic
2026-05-05,1500.3,synthetic
2026-05-06,1497.1,synthetic
2026-05-07,1527.3,synthetic
2026-05-08,1506.0,synthetic
2026-05-11,1516.3,synthetic
2026-05-12,1521.2,synthetic
2026-05-13,1504.5,synthetic
2026-05-14,1507.5,synthetic
2026-05-15,1529.0,synthetic
2026-05-18,1521.7,synthetic
2026-05-19,1490.1,synthetic
2026-05-20,1490.3,synthetic
2026-05-21,1474.6,synthetic
2026-05-22,1469.7,synthetic
2026-05-25,1469.7,synthetic
2026-05-26,1440.5,synthetic
2026-05-27,1414.4,synthetic
2026-05-28,1427.4,synthetic
2026-05-29,1421.6,synthetic
2026-06-01,1379.4,synthetic
2026-06-02,1399.5,synthetic
2026-06-03,1409.4,synthetic
2026-06-04,1401.1,synthetic
2026-06-05,1382.4,synthetic
2026-06-08,1403.3,synthetic
2026-06-09,1414.4,synthetic
2026-06-10,1461.6,synthetic
2026-06-11,1471.1,synthetic
2026-06-12,1479.5,synthetic
2026-06-15,1477.5,synthetic
2026-06-16,1493.3,synthetic
2026-06-17,1504.9,synthetic
2026-06-18,1527.2,synthetic
2026-06-19,1516.5,synthetic
2026-06-22,1507.8,synthetic
2026-06-23,1498.8,synthetic
2026-06-24,1513.1,synthetic
2026-06-25,1539.4,synthetic
2026-06-26,1529.2,synthetic
2026-06-29,1520.1,synthetic
2026-06-30,1524.7,synthetic
2026-07-01,1519.1,synthetic
2026-07-02,1535.2,synthetic
2026-07-03,1492.9,synthetic
2026-07-06,1478.4,synthetic
2026-07-07,1465.4,synthetic
2026-07-08,1425.4,synthetic
2026-07-09,1411.8,synthetic
2026-07-10,1399.7,synthetic
2026-07-13,1401.1,synthetic
2026-07-14,1426.1,synthetic
2026-07-15,1425.4,synthetic
2026-07-16,1410.5,synthetic
2026-07-17,1414.0,synthetic
2026-07-20,1437.2,synthetic
2026-07-21,1422.7,synthetic
2026-07-22,1410.2,synthetic
2026-07-23,1424.8,synthetic
2026-07-24,1424.5,synthetic
2026-07-27,1440.0,synthetic
2026-07-28,1442.7,synthetic
2026-07-29,1458.2,synthetic
2026-07-30,1441.7,synthetic
2026-07-31,1444.4,synthetic
2026-08-03,1443.4,synthetic
2026-08-04,1424.3,synthetic
2026-08-05,1399.9,synthetic
2026-08-06,1417.3,synthetic
2026-08-07,1415.1,synthetic
2026-08-10,1401.0,synthetic
2026-08-11,1404.2,synthetic
2026-08-12,1429.3,synthetic
2026-08-13,1391.8,synthetic
2026-08-14,1370.2,synthetic
2026-08-17,1360.1,synthetic
2026-08-18,1393.4,synthetic
2026-08-19,1403.8,synthetic
2026-08-20,1422.4,synthetic
2026-08-21,1405.8,synthetic
2026-08-24,1390.4,synthetic
2026-08-25,1403.9,synthetic
2026-08-26,1409.7,synthetic
2026-08-27,1424.1,synthetic
2026-08-28,1424.6,synthetic
2026-08-31,1433.3,synthetic
2026-09-01,1439.5,synthetic
2026-09-02,1456.5,synthetic
2026-09-03,1473.2,synthetic
2026-09-04,1445.4,synthetic
2026-09-07,1407.7,synthetic
2026-09-08,1430.3,synthetic
2026-09-09,1455.2,synthetic
2026-09-10,1439.1,synthetic
2026-09-11,1408.6,synthetic
2026-09-14,1415.0,synthetic
2026-09-15,1436.0,synthetic
2026-09-16,1471.6,synthetic
2026-09-17,1482.3,synthetic
2026-09-18,1476.5,synthetic
2026-09-21,1461.6,synthetic
2026-09-22,1463.7,synthetic
2026-09-23,1460.1,synthetic
2026-09-24,1443.8,synthetic
2026-09-25,1483.5,synthetic
2026-09-28,1516.5,synthetic
